trial_num,block_num,targets,targetNames,start_x,start_z,object_x,object_z,cue,delay,ITI,trialType,speedForward,rotationSpeed,start_centrality,perfectAngle,messageToDisplay,start_yRotation
1,1,13,Vase,-22.9754433268681,5.6257420568727,-6.80651349481195,-5.7417577574961,2,1.6,1.4,encoding,15,50,central,286.005456235161,-1,223.248699400574
2,2,11,Pawn,-21.7285079299472,16.7916876613162,-14.611113902647,20.0959466849454,2,1.8,1.2,retrieval,15,50,central,79.7358477413322,-1,278.423309270293
3,3,9,Gift,20.2548469104804,20.3500551539473,9.57876305328682,-13.5963004245423,2,1.4,1.4,control,15,50,perihery,248.543125022042,-1,131.837436268106